﻿<?xml version="1.0" encoding="utf-8" standalone="yes"?>
<Window size="308,308" caption="0,0,0,36" roundcorner="4,4">
	<Include source="scrollbar.xml" />
	<VerticalLayout  bkcolor="#FFFFFFFF" bkimage="LoginBack.jpg"inset="4,0,4,4">
		<HorizontalLayout pos="0,0,0,48" inset="2,2,2,0">
			<Label align="center" text="修改密码" font="8" textcolor="#FF00F000"/>
		</HorizontalLayout>
		<Container height="60">
			<Button bkimage="logo.png" mouse="false"/>
		</Container>
		<Container >
			<Label pos="10,20,78,42" float="true" text="用户名："/>
			<Combo name="CbChangeName" float="true" pos="80,21,220,41" normalimage="file='Combo_nor.bmp' corner='2,2,24,2'" hotimage="file='Combo_over.bmp' corner='2,2,24,2'" pushedimage="file='Combo_over.bmp' corner='2,2,24,2'" textpadding="1,1,1,1" >
				<ListLabelElement text="Admin"/>
				<ListLabelElement text="Engg"  selected="true" />
			</Combo>
			<Label pos="10,55,78,75" float="true" text="原密码："/>
			<Edit name="EdtChangeSrcPswd" pos="80,55,220,75" float="true" bordercolor="#FF4EA0D1" bordersize="1" tooltip="请在这里输入您的密码" password="true"/>		
			<Label pos="10,90,78,110" float="true" text="新密码："/>
			<Edit name="EdtNewPswd" pos="80,90,220,110" float="true" bordercolor="#FF4EA0D1" bordersize="1" tooltip="请在这里输入您的密码" password="true"/>
			<Label pos="10,125,78,145" float="true" text="确认密码："/>
			<Edit name="EdtConfirmPswd" pos="80,125,220,145" float="true" bordercolor="#FF4EA0D1" bordersize="1" tooltip="请在这里输入您的密码" password="true"/>
			<Button name="BtnChangOK" pos="94,160,144,180" float="true" text="修改" tooltip="点击这里登录" normalimage="button_nor.bmp" hotimage="button_over.bmp" pushedimage="button_down.bmp"/>
			<Button name="BtnChangNO" pos="164,160,214,180" float="true" text="退出" tooltip="点击这里登录" normalimage="button_nor.bmp" hotimage="button_over.bmp" pushedimage="button_down.bmp"/>
		</Container>
	</VerticalLayout>
</Window>

