﻿<?xml version="1.0" encoding="utf-8" standalone="yes"?>
<Window size="308,248" caption="0,0,0,36" roundcorner="4,4">
	<Include source="scrollbar.xml" />
	<VerticalLayout  bkcolor="#FFFFFFFF" bkimage="LoginBack.jpg"inset="4,0,4,4">
		<HorizontalLayout pos="0,0,0,48" inset="2,2,2,0">
			<Label align="center" text="用户登录" font="8" textcolor="#FF00F000"/>
		</HorizontalLayout>
		<Container height="60">
			<Button bkimage="logo.png" mouse="false"/>
		</Container>
		<Container >
			<Label pos="10,20,78,42" float="true" text="用户名："/>
			<Combo name="CbUserName" float="true" pos="80,21,220,41" normalimage="file='Combo_nor.bmp' corner='2,2,24,2'" hotimage="file='Combo_over.bmp' corner='2,2,24,2'" pushedimage="file='Combo_over.bmp' corner='2,2,24,2'" textpadding="1,1,1,1" >
				<ListLabelElement text="Admin"/>
				<ListLabelElement text="Engg"  selected="true" />
			</Combo>
			<Label pos="10,55,78,75" float="true" text="密码："/>
			<Edit name="EdtPswd" pos="80,55,220,75" float="true" bordercolor="#FF4EA0D1" bordersize="1" tooltip="请在这里输入您的密码" password="true"/>
			<Button name="BtnLogin" pos="94,90,144,110" float="true" text="登录" tooltip="点击这里登录" normalimage="button_nor.bmp" hotimage="button_over.bmp" pushedimage="button_down.bmp"/>
			<Button name="BtnCancel" pos="164,90,214,110" float="true" text="取消" tooltip="点击这里登录" normalimage="button_nor.bmp" hotimage="button_over.bmp" pushedimage="button_down.bmp"/>
		</Container>
	</VerticalLayout>
</Window>

