﻿<?xml version="1.0" encoding="utf-8" standalone="yes"?>
<Window size="308,228" caption="0,0,0,36" roundcorner="4,4">
	<VerticalLayout bkimage="file='ComboItem.png' corner='4,48,4,4' mask='#FFFF00FF'" inset="4,0,4,4">
		<HorizontalLayout pos="0,0,0,32" inset="2,2,2,0">
			<Label pos="0,0,32,0" bkimage="user.png"/>
			<Label pos="0,0,80,0" padding="4,0,0,0" text="用户登录"/>
			<Control />
			<Button name="Btn_Login_Close" pos="0,0,42,0" maxheight="18" tooltip="点击这里直接退出游戏" normalimage="file='sys_dlg_close.png' source='90,0,134,16' mask='#FFFF00FF'" hotimage="file='sys_dlg_close.png' source='45,0,89,16' mask='#FFFF00FF'" pushedimage="file='sys_dlg_close.png' source='0,0,44,16' mask='#FFFF00FF'"/>
		</HorizontalLayout>
		<Control pos="0,0,0,60" bkcolor="#FFFF0000"/>
		<Progress pos="0,0,0,10" bkcolor="#FFF8B343"/>
		<Container bkcolor="#FFFFFFFF">
			<Label pos="10,20,78,42" float="true" text="账号："/>
			<Edit name="Edt_Login_Name" pos="80,21,220,41" float="true" bordercolor="#FF4EA0D1" bordersize="1" tooltip="请在这里输入您的账号"/>
			<Label pos="10,55,78,75" float="true" text="密码："/>
			<Edit name="Edt_Login_Pwd" pos="80,55,220,75" float="true" bordercolor="#FF4EA0D1" bordersize="1" tooltip="请在这里输入您的密码" password="true"/>
			<Button name="Btn_Login_Login" pos="116,90,176,110" float="true" text="登录" tooltip="点击这里登录" normalimage="button_nor.bmp" hotimage="button_over.bmp" pushedimage="button_down.bmp"/>
		</Container>
	</VerticalLayout>
</Window>

