﻿<?xml version="1.0" encoding="utf-8"?>
<Window size="1024,868" sizebox="4,4,6,6" roundcorner="5,5" caption="0,0,0,90" mininfo="1024,768">

  <Include source="scrollbar.xml" />
  <Default name="VScrollBar" value="button1normalimage=&quot;file='scrollbar.bmp' source='0,90,16,106' mask='#FFFF00FF'&quot; button1hotimage=&quot;file='scrollbar.bmp' source='18,90,34,106' mask='#FFFF00FF'&quot; button1pushedimage=&quot;file='scrollbar.bmp' source='36,90,52,106' mask='#FFFF00FF'&quot; button1disabledimage=&quot;file='scrollbar.bmp' source='54,90,70,106' mask='#FFFF00FF'&quot; button2normalimage=&quot;file='scrollbar.bmp' source='0,108,16,124' mask='#FFFF00FF'&quot; button2hotimage=&quot;file='scrollbar.bmp' source='18,108,34,124' mask='#FFFF00FF'&quot; button2pushedimage=&quot;file='scrollbar.bmp' source='36,108,52,124' mask='#FFFF00FF'&quot; button2disabledimage=&quot;file='scrollbar.bmp' source='54,108,70,124' mask='#FFFF00FF'&quot; thumbnormalimage=&quot;file='scrollbar.bmp' source='0,126,16,142' corner='2,2,2,2' mask='#FFFF00FF'&quot; thumbhotimage=&quot;file='scrollbar.bmp' source='18,126,34,142' corner='2,2,2,2' mask='#FFFF00FF'&quot; thumbpushedimage=&quot;file='scrollbar.bmp' source='36,126,52,142' corner='2,2,2,2' mask='#FFFF00FF'&quot; thumbdisabledimage=&quot;file='scrollbar.bmp' source='54,126,70,142' corner='2,2,2,2' mask='#FFFF00FF'&quot; railnormalimage=&quot;file='scrollbar.bmp' source='0,144,16,160' corner='2,2,2,2' mask='#FFFF00FF'&quot; railhotimage=&quot;file='scrollbar.bmp' source='18,144,34,160' corner='2,2,2,2' mask='#FFFF00FF'&quot; railpushedimage=&quot;file='scrollbar.bmp' source='36,144,52,160' corner='2,2,2,2' mask='#FFFF00FF'&quot; raildisabledimage=&quot;file='scrollbar.bmp' source='54,144,70,160' corner='2,2,2,2' mask='#FFFF00FF'&quot; bknormalimage=&quot;file='scrollbar.bmp' source='0,162,16,178' corner='2,2,2,2' mask='#FFFF00FF'&quot; bkhotimage=&quot;file='scrollbar.bmp' source='18,162,34,178' corner='2,2,2,2' mask='#FFFF00FF'&quot; bkpushedimage=&quot;file='scrollbar.bmp' source='36,162,52,178' corner='2,2,2,2' mask='#FFFF00FF'&quot; bkdisabledimage=&quot;file='scrollbar.bmp' source='54,162,70,178' corner='2,2,2,2' mask='#FFFF00FF'&quot; " />
  <Default name="HScrollBar" value="button1normalimage=&quot;file='scrollbar.bmp' source='0,0,16,16' mask='#FFFF00FF'&quot; button1hotimage=&quot;file='scrollbar.bmp' source='18,0,34,16' mask='#FFFF00FF'&quot; button1pushedimage=&quot;file='scrollbar.bmp' source='36,0,52,16' mask='#FFFF00FF'&quot; button1disabledimage=&quot;file='scrollbar.bmp' source='54,0,70,16' mask='#FFFF00FF'&quot; button2normalimage=&quot;file='scrollbar.bmp' source='0,18,16,34' mask='#FFFF00FF'&quot; button2hotimage=&quot;file='scrollbar.bmp' source='18,18,34,34' mask='#FFFF00FF'&quot; button2pushedimage=&quot;file='scrollbar.bmp' source='36,18,52,34' mask='#FFFF00FF'&quot; button2disabledimage=&quot;file='scrollbar.bmp' source='54,18,70,34' mask='#FFFF00FF'&quot; thumbnormalimage=&quot;file='scrollbar.bmp' source='0,36,16,52' corner='2,2,2,2' mask='#FFFF00FF'&quot; thumbhotimage=&quot;file='scrollbar.bmp' source='18,36,34,52' corner='2,2,2,2' mask='#FFFF00FF'&quot; thumbpushedimage=&quot;file='scrollbar.bmp' source='36,36,52,52' corner='2,2,2,2' mask='#FFFF00FF'&quot; thumbdisabledimage=&quot;file='scrollbar.bmp' source='54,36,70,52' corner='2,2,2,2' mask='#FFFF00FF'&quot; railnormalimage=&quot;file='scrollbar.bmp' source='0,54,16,70' corner='2,2,2,2' mask='#FFFF00FF'&quot; railhotimage=&quot;file='scrollbar.bmp' source='18,54,34,70' corner='2,2,2,2' mask='#FFFF00FF'&quot; railpushedimage=&quot;file='scrollbar.bmp' source='36,54,52,70' corner='2,2,2,2' mask='#FFFF00FF'&quot; raildisabledimage=&quot;file='scrollbar.bmp' source='54,54,70,70' corner='2,2,2,2' mask='#FFFF00FF'&quot; bknormalimage=&quot;file='scrollbar.bmp' source='0,72,16,88' corner='2,2,2,2' mask='#FFFF00FF'&quot; bkhotimage=&quot;file='scrollbar.bmp' source='18,72,34,88' corner='2,2,2,2' mask='#FFFF00FF'&quot; bkpushedimage=&quot;file='scrollbar.bmp' source='36,72,52,88' corner='2,2,2,2' mask='#FFFF00FF'&quot; bkdisabledimage=&quot;file='scrollbar.bmp' source='54,72,70,88' corner='2,2,2,2' mask='#FFFF00FF'&quot; " />
  <VerticalLayout bkimage="toolbar.png" bkcolor="#FFF0F0FF"  bordercolor="#FF768D9B" bordersize="1" borderround="5,5" inset="1,0,1,0">
    <HorizontalLayout height="40">
      <HorizontalLayout>
        <Button width="64" height="32" pos="4,4,0,0" float="true" bkimage="logo.png" mouse="false"/>
        <Text text="华研" pos="70,10,200, 40" float="true"align="left" textcolor="#FF000000" font="6" mouse="false"/>
		<Text name="TxtTitle" text="AOI" padding="0,10,0,0" align="center" textcolor="#FFFF0000" font="6" mouse="false"/>
      </HorizontalLayout>
      <HorizontalLayout width="97" inset="0,1,0,0">
        <Button name="minbtn" maxwidth="26" maxheight="17" normalimage="file='sys_dlg_min.png' source='52,0,78,17'" hotimage="file='sys_dlg_min.png' source='26,0,52,17'" pushedimage="file='sys_dlg_min.png' source='0,0,26,17' "/>
        <Button name="maxbtn" maxwidth="26" maxheight="17" normalimage="file='sys_dlg_max.png' source='52,0,78,17'" hotimage="file='sys_dlg_max.png' source='26,0,52,18'" pushedimage="file='sys_dlg_max.png' source='0,0,26,17'"/>
        <Button name="restorebtn" visible="false" maxwidth="26" maxheight="17" normalimage="file='sys_dlg_restore.png' source='52,0,78,17'" hotimage="file='sys_dlg_restore.png' source='26,0,52,17'" pushedimage="file='sys_dlg_restore.png' source='0,0,26,17'" />
        <Button name="closebtn" maxwidth="45" maxheight="17" normalimage="file='sys_dlg_close.png' source='90,0,135,17'" hotimage="file='sys_dlg_close.png' source='45,0,90,17'" pushedimage="file='sys_dlg_close.png' source='0,0,45,17'"/>
      </HorizontalLayout>
    </HorizontalLayout>
    <HorizontalLayout height="80">
		<HorizontalLayout inset="8,0,0,0">
			<Option pos="10, 0, 90, 80"  float="true" align="bottom" name="0" text="主页" textcolor="#FF000000" font="7" textpadding="0,62,0,2" foreimage="file='HomeA.png' dest='8,0,72,64'" normalimage="toolbar_normal.png" hotimage="toolbar_hover.png" pushedimage="toolbar_pushed.png" selectedimage="toolbar_pushed.png" userdata="0" group="MainViewBar" selected="true"/>
			<Option pos="95, 0, 175, 80" float="true" align="bottom" name="1" text="参数" textcolor="#FF000000" font="7" textpadding="0,62,0,2" foreimage="file='DataA.png' dest='8,0,72,64'" normalimage="toolbar_normal.png" hotimage="toolbar_hover.png" pushedimage="toolbar_pushed.png" selectedimage="toolbar_pushed.png" userdata="1" group="MainViewBar"/>		
			<Option pos="180, 0, 260, 80" float="true" align="bottom" name="2" text="机器人" textcolor="#FF000000" font="7" textpadding="0,62,0,2" foreimage="file='Robot.png' dest='8,0,72,64'" normalimage="toolbar_normal.png" hotimage="toolbar_hover.png" pushedimage="toolbar_pushed.png" selectedimage="toolbar_pushed.png" userdata="2" group="MainViewBar"/>
		</HorizontalLayout>
    </HorizontalLayout>
	<Container height="2" padding="0,3,0,0"bkcolor="#FF0000FF"/>
	<HorizontalLayout >
        <TabLayout name="MainViewBar">
          <HorizontalLayout>
            <Home />
          </HorizontalLayout>
          <HorizontalLayout>
			<Param />
          </HorizontalLayout>
		  <HorizontalLayout>
			<Robot />
          </HorizontalLayout>
        </TabLayout>
      </HorizontalLayout>
	<Container height="2" padding="0,3,0,0"bkcolor="#FF000000"/>
	<HorizontalLayout height="40" bkimage="Statusbar.png">
		<Button name="Version" width="100" text="Ver 1.0.0.1"  align="center" font="7" textcolor="#FF000000" mouse="false"/>
		<Container width="10"/>
		<Button name="BtnRobotStatus" width="100" normalimage="file='RedLed.png' dest='0,10,20,30'"  textpadding="22,0,0,0" font="7" text="Robot已断开" textcolor="#FF000000"  align="left"/>
		<Button name="BtnVisionStatus" width="100" normalimage="file='RedLed.png' dest='0,10,20,30'"  textpadding="22,0,0,0" font="7" text="Vision已断开" textcolor="#FF000000"  align="left"/>
		<text mouse="false"/>
		<Label width="140" name="LblLocalTime" text="" textcolor="#FF0000FF" enable="false" tooltip="当前时间" font="7"/>
    </HorizontalLayout>
  </VerticalLayout>
</Window>