﻿<?xml version="1.0" encoding="utf-8"?>
<Window size="400,300" sizebox="4,4,6,6" roundcorner="5,5" caption="0,0,0,90" mininfo="400,300" maxinfo="400,300">

  <Include source="scrollbar.xml" />
	<VerticalLayout bkimage="toolbar.png" bkcolor="#FFF0F0FF"  bordercolor="#FF768D9B" bordersize="1" borderround="5,5" inset="1,0,1,0">
    <HorizontalLayout height="40">
      <HorizontalLayout>
        <Button width="32" height="32" pos="4,4,0,0" float="true" bkimage="Alarm.png" mouse="false"/>
        <Text text="消息" pos="40,10,200, 40" float="true"align="left" textcolor="#FF000000" font="6" mouse="false"/>
      </HorizontalLayout>
      <HorizontalLayout width="97" inset="0,1,0,0">
        <Button name="minbtn" maxwidth="26" maxheight="17" normalimage="file='sys_dlg_min.png' source='52,0,78,17'" hotimage="file='sys_dlg_min.png' source='26,0,52,17'" pushedimage="file='sys_dlg_min.png' source='0,0,26,17' "/>
        <Button name="maxbtn" maxwidth="26" maxheight="17" normalimage="file='sys_dlg_max.png' source='52,0,78,17'" hotimage="file='sys_dlg_max.png' source='26,0,52,18'" pushedimage="file='sys_dlg_max.png' source='0,0,26,17'"/>
        <Button name="restorebtn" visible="false" maxwidth="26" maxheight="17" normalimage="file='sys_dlg_restore.png' source='52,0,78,17'" hotimage="file='sys_dlg_restore.png' source='26,0,52,17'" pushedimage="file='sys_dlg_restore.png' source='0,0,26,17'" />
        <Button name="closebtn" maxwidth="45" maxheight="17" normalimage="file='sys_dlg_close.png' source='90,0,135,17'" hotimage="file='sys_dlg_close.png' source='45,0,90,17'" pushedimage="file='sys_dlg_close.png' source='0,0,45,17'"/>
      </HorizontalLayout>
    </HorizontalLayout>
	<VerticalLayout>
		<HorizontalLayout height="50">
			<Label name="Lab_Box_Title" bordercolor="#FF768D9B" bordersize="1" font="8" align="center" textcolor="#FFFF0000" padding="5,5,5,5"/>
		</HorizontalLayout>
		<HorizontalLayout>
			<Label name="Lab_Box_Msg" bordercolor="#FF768D9B" bordersize="1" font="8" textcolor="#FFFF0000" padding="5,5,5,5"/>
		</HorizontalLayout>
		<HorizontalLayout height="25" padding="5,2,5,3">
			<Container />
			<Button name="Btn_Box_OK" text="YES" width="40"/>
			<Container />
			<Button name="Btn_Box_NO" text="NO" width="40"/>
			<Container />
			<Button name="Btn_Box_Cancel" text="CANCEL" width="40"/>
			<Container />
		</HorizontalLayout>
	</VerticalLayout>
  </VerticalLayout>
</Window>